{
  "problem": {
    "name": "problem2",
    "radius_of_reach": 50,
    "radius_of_inter": 100,
    "region": [
      -150,
      -130.19127400042476,
      150,
      150
    ],
    "sink": [
      0,
      0
    ],
    "candidates": [
      [
        -29,
        32
      ],
      [
        -102,
        -21
      ],
      [
        -91,
        -59
      ],
      [
        -11,
        -45.5
      ],
      [
        27,
        39
      ],
      [
        74,
        29
      ],
      [
        102,
        -12
      ],
      [
        114,
        -33
      ],
      [
        87,
        44
      ],
      [
        -74.47885710671174,
        32.41437154400245
      ],
      [
        24.144027024094726,
        -56.0352263042327
      ],
      [
        -49.03573903173938,
        -69.70902258243518
      ],
      [
        -124.73684210526316,
        -55.78947368421053
      ],
      [
        -108.42105263157896,
        9.736842105263158
      ],
      [
        -54.21052631578948,
        -12.631578947368421
      ],
      [
        38.684210526315795,
        -23.68421052631579
      ],
      [
        88.15789473684211,
        -54.73684210526316
      ],
      [
        0.2631578947368421,
        63.42105263157895
      ],
      [
        -88.6842105263158,
        71.31578947368422
      ],
      [
        -126.31578947368422,
        68.42105263157895
      ],
      [
        -108.15789473684211,
        38.684210526315795
      ],
      [
        -33.94736842105263,
        66.31578947368422
      ],
      [
        81.31578947368422,
        71.05263157894737
      ],
      [
        131.8421052631579,
        54.21052631578948
      ],
      [
        67.10526315789474,
        -42.89473684210527
      ],
      [
        70.52631578947368,
        -82.89473684210526
      ],
      [
        -11.31578947368421,
        -88.94736842105263
      ],
      [
        -141.05263157894737,
        -86.31578947368422
      ],
      [
        -143.1578947368421,
        5.526315789473684
      ],
      [
        138.94736842105263,
        7.36842105263158
      ],
      [
        -113,
        110
      ],
      [
        -77,
        117
      ],
      [
        -39,
        116
      ],
      [
        -8,
        118
      ],
      [
        24,
        119
      ],
      [
        50,
        117
      ],
      [
        77,
        118
      ],
      [
        35,
        86
      ],
      [
        -6,
        89
      ],
      [
        -60,
        88
      ],
      [
        137,
        108
      ],
      [
        107,
        106
      ],
      [
        115,
        98
      ],
      [
        127,
        89
      ],
      [
        -25,
        -12
      ],
      [
        -52,
        -42
      ],
      [
        -95,
        -98
      ],
      [
        -129,
        -106
      ],
      [
        -41,
        -105
      ],
      [
        -9,
        -106
      ],
      [
        13,
        -106
      ],
      [
        42,
        -106
      ],
      [
        70,
        -104
      ],
      [
        104,
        -106
      ],
      [
        133,
        -86
      ],
      [
        118,
        -67
      ],
      [
        132,
        -45
      ],
      [
        53,
        3
      ],
      [
        -56,
        57
      ],
      [
        -141,
        -34
      ]
    ],
    "mobile_nodes": [
      {
        "name": "node13",
        "source_code": "node.c",
        "speed": 5,
        "time_step": 1,
        "is_closed": true,
        "is_round_trip": false,
        "path_segments": [
          [
            "70",
            "44 + 31 * t"
          ],
          [
            "70 - 140 * t",
            "75"
          ],
          [
            "-70",
            "75 - 31 * t"
          ],
          [
            "-70 + 140 * t",
            "44"
          ]
        ]
      },
      {
        "name": "node14",
        "source_code": "node.c",
        "speed": 5,
        "time_step": 1,
        "is_closed": true,
        "is_round_trip": false,
        "path_segments": [
          [
            "117 + 24 * np.cos(2 * np.pi * t)",
            "-28 + 52 * np.sin(2 * np.pi * t)"
          ]
        ]
      },
      {
        "name": "node15",
        "source_code": "node.c",
        "speed": 5,
        "time_step": 1,
        "is_closed": false,
        "is_round_trip": true,
        "path_segments": [
          [
            "-114*(1-t)-64*t",
            "61*(1-t)+20*t"
          ],
          [
            "-64",
            "20-82*t"
          ],
          [
            "-64+136*t",
            "-62"
          ]
        ]
      },
      {
        "name": "node16",
        "source_code": "node.c",
        "speed": 5,
        "time_step": 1,
        "is_closed": true,
        "is_round_trip": false,
        "path_segments": [
          [
            "-134+50*t",
            "16"
          ],
          [
            "-84",
            "16-98*t"
          ],
          [
            "-84-50*t",
            "-82"
          ],
          [
            "-134",
            "-82+98*t"
          ]
        ]
      },
      {
        "name": "node17",
        "source_code": "node.c",
        "speed": 5,
        "time_step": 1,
        "is_closed": false,
        "is_round_trip": true,
        "path_segments": [
          [
            "114*(1-t)+56*t",
            "80*(1-t)-33*t"
          ],
          [
            "56 - 77*t",
            "-33"
          ]
        ]
      },
      {
        "name": "node18",
        "source_code": "node.c",
        "speed": 5,
        "time_step": 1,
        "is_closed": false,
        "is_round_trip": true,
        "path_segments": [
          [
            "-54+108*t",
            "-81"
          ]
        ]
      },
      {
        "name": "node7",
        "source_code": "node.c",
        "speed": 5,
        "time_step": 1,
        "is_closed": false,
        "is_round_trip": true,
        "path_segments": [
          [
            "-131 + 262 * t",
            "128"
          ],
          [
            "131 + -72 * t",
            "128 + -30 * t"
          ],
          [
            "59 + -193 * t",
            "98"
          ],
          [
            "-134",
            "98 + -65 * t"
          ],
          [
            "-134 + 59 * t",
            "33 + -14 * t"
          ],
          [
            "-75",
            "19 + -115 * t"
          ],
          [
            "-75 + 202 * t",
            "-96 + 2 * t"
          ],
          [
            "127 + -1 * t",
            "-94 + -20 * t"
          ],
          [
            "126 + -258 * t",
            "-114 + -1 * t"
          ]
        ]
      }
    ]
  }
}